Name,Phone,Address,Interest,Notes
Alice Smith,555-0101,123 Oak St Anytown,automobile insurance,Interested in a new policy for her sedan. Needs full coverage.
Bob Johnson,555-0102,456 Maple Ave Springfield,car financing,Looking for loan options for a used SUV. Good credit score.
Charlie Brown,555-0103,789 Pine Ln Gotham,vehicle maintenance,"Needs schedule for regular car check-ups, oil change for his hatchback."
Diana Prince,555-0104,101 Birch Rd Metropolis,motorcycle gear,Looking for helmets and jackets. Also asked about bike insurance.
Ethan Hunt,555-0105,202 Cedar Blvd Star City,auto parts,"Needs new tires for his truck, specifically all-terrain. Also looking for roof rack."
Fiona Glenanne,555-0106,303 Elm St Central City,automobile repair,Complaining about engine noise in her convertible car. Wants quote.
George Costanza,555-0107,404 Spruce St Smallville,classic cars,Owns a vintage automobile, looking for restoration experts for paint job.
Hannah Abbott,555-0108,505 Willow Way Riverdale,electric vehicles,"Considering purchase of an EV, asking about charging infrastructure and range."
Ian Malcolm,555-0109,606 Redwood Dr Sunnydale,car detailing,Wants premium cleaning service for his luxury automobile. Interior focus.
Jane Doe,555-0110,707 Aspen Ct Fairview,driving lessons,Beginner driver looking for local instructors for manual transmission car.
Kevin McCallister,555-0111,808 Birch St Winnetka,car rental,Needs to rent a minivan for a family trip next month.
Laura Palmer,555-0112,909 Twin Peaks Rd Twin Peaks,auto glass repair,Windshield chip on her station wagon needs fixing.
Michael Scott,555-0113,1725 Slough Ave Scranton,vehicle leasing,Interested in leasing a mid-size sedan, low mileage options.
Nancy Wheeler,555-0114,148 Mirkwood Ln Hawkins,used car purchase,"Looking to buy a reliable, fuel-efficient used car under $10k."
Oscar Martinez,555-0115,1730 Slough Ave Scranton,hybrid vehicles,Wants to understand pros and cons of hybrid car ownership.
Peter Parker,555-0116,20 Ingram St Forest Hills,bicycle rack,Needs a rack for his car to transport his mountain bike.
Quinn Fabray,555-0117,1 Cheerios Ave Lima,car stereo upgrade,Wants to install a new sound system in her SUV. Bluetooth needed.
Rachel Green,555-0118,90 Bedford St New York,scooter purchase,Considering buying a small motor scooter for city commuting.
Sam Winchester,555-0119,1 Roadhouse Ln Lawrence,truck accessories,"Looking for bed liner and toolbox for his pickup truck, 2018 model."
Tony Stark,555-0120,10880 Malibu Point Malibu,exotic car maintenance,Inquiring about specialized service for high-performance automobiles.
Ursula Buffay,555-0121,100 Massage St New York,alternative transport,Asking about public transport routes vs car ownership costs.
Victor Stone,555-0122,2 Cyber Ln Detroit,vehicle technology,Interested in latest car safety features and autonomous driving tech.
Wendy Byrde,555-0123,3 Ozark Lake Rd Osage Beach,fleet management,Inquiry about managing insurance and maintenance for 3 company vehicles.
Xavier Thorpe,555-0124,9 Nevermore Ln Jericho,vintage motorcycle,Looking for parts for restoring an old motorcycle.
Yara Greyjoy,555-0125,10 Iron Islands Pyke,boat trailer,Needs a trailer suitable for towing a small boat with her SUV.
